{"_id":{"$oid":"5effaa4d6503cd092ba0590d"},"owningId":"BeYTTvvPg8","relatedId":"suSMVmowm4"}
{"_id":{"$oid":"5effb9386503cd092ba061c6"},"owningId":"RD0yfDdHc9","relatedId":"MIzlBAsgTt"}
{"_id":{"$oid":"5effbe2a6503cd092ba064d6"},"owningId":"Mc7A6EXPAn","relatedId":"r029TrJO4y"}
{"_id":{"$oid":"5effbec46503cd092ba0652f"},"owningId":"oIxJbas5Bz","relatedId":"kG4sO7Z3tZ"}
{"_id":{"$oid":"5effbfab6503cd092ba065a9"},"owningId":"6RGIMjxmGO","relatedId":"ctP6rOcLia"}
{"_id":{"$oid":"5effc7926503cd092ba069af"},"owningId":"YwmIN2SEvO","relatedId":"QXahHPDcIm"}
{"_id":{"$oid":"5effc9416503cd092ba06b6b"},"owningId":"urSPB6sMud","relatedId":"LGaP01EzJG"}
{"_id":{"$oid":"5effe6cd6503cd092ba0818a"},"owningId":"aBoGvULw0e","relatedId":"FfgVWfcdSX"}
{"_id":{"$oid":"5effe6cd6503cd092ba08192"},"owningId":"Au3JRW6QEa","relatedId":"kkRJBZNk7x"}
