{"_id":{"$oid":"5effaa4d6503cd092ba05911"},"owningId":"WyH7hgfglt","relatedId":"BeYTTvvPg8"}
{"_id":{"$oid":"5effb9386503cd092ba061ca"},"owningId":"AFOcmlTHeq","relatedId":"RD0yfDdHc9"}
{"_id":{"$oid":"5effbe2a6503cd092ba064da"},"owningId":"m6irbmt1N4","relatedId":"Mc7A6EXPAn"}
{"_id":{"$oid":"5effbec46503cd092ba06533"},"owningId":"m6irbmt1N4","relatedId":"oIxJbas5Bz"}
{"_id":{"$oid":"5effbfac6503cd092ba065ad"},"owningId":"m6irbmt1N4","relatedId":"6RGIMjxmGO"}
{"_id":{"$oid":"5effc7926503cd092ba069b3"},"owningId":"AhzyKR6MWE","relatedId":"YwmIN2SEvO"}
{"_id":{"$oid":"5effc9416503cd092ba06b6f"},"owningId":"AhzyKR6MWE","relatedId":"urSPB6sMud"}
{"_id":{"$oid":"5effe6cd6503cd092ba08196"},"owningId":"95zuILkgXA","relatedId":"aBoGvULw0e"}
{"_id":{"$oid":"5effe6cd6503cd092ba0819a"},"owningId":"95zuILkgXA","relatedId":"Au3JRW6QEa"}
