{"_id":"_User","objectId":"string","updatedAt":"date","createdAt":"date","username":"string","email":"string","emailVerified":"boolean","authData":"object","_metadata":{"indexes":{"_id_":{"_id":1},"username_1":{"username":1},"email_1":{"email":1},"case_insensitive_username":{"username":1},"case_insensitive_email":{"email":1}},"fields_options":{},"class_permissions":{"get":{"*":true},"find":{"*":true},"count":{"*":true},"create":{},"update":{"*":true},"delete":{},"addField":{},"protectedFields":{"*":[]}}}}
{"_id":"_Role","objectId":"string","updatedAt":"date","createdAt":"date","name":"string","users":"relation<_User>","roles":"relation<_Role>","_metadata":{"indexes":{"_id_":{"_id":1},"name_1":{"name":1}},"fields_options":{}}}
{"_id":"Page","objectId":"string","updatedAt":"date","createdAt":"date","_metadata":{"fields_options":{"key":{"required":true},"tags":{"required":false},"title":{"required":true},"description":{"required":false},"image_elements":{"required":false},"video_elements":{"required":false},"iframe_elements":{"required":false},"list_elements":{"required":false},"editor":{"required":true},"text_elements":{"required":false},"local_key":{"required":false,"defaultValue":""},"position_as_an_item":{"required":false,"defaultValue":0}},"class_permissions":{"get":{"*":true,"role:moderators":true},"find":{"*":true,"role:moderators":true},"count":{"role:moderators":true},"create":{"role:moderators":true},"update":{"role:moderators":true},"delete":{"role:moderators":true},"addField":{"role:moderators":true},"protectedFields":{"*":[]}},"indexes":{"_id_":{"_id":1}}},"key":"string","tags":"string","title":"string","description":"string","image_elements":"relation<ImageElement>","video_elements":"relation<VideoElement>","iframe_elements":"relation<IframeElement>","list_elements":"relation<ListElement>","editor":"*_User","text_elements":"relation<TextElement>","local_key":"string","position_as_an_item":"number"}
{"_id":"Product","objectId":"string","updatedAt":"date","createdAt":"date","json":"object","title":"string","photo":"file","_metadata":{"indexes":{"_id_":{"_id":1}}},"seller":"*_User"}
{"_id":"TextElement","objectId":"string","updatedAt":"date","createdAt":"date","_metadata":{"fields_options":{"is_html":{"required":false,"defaultValue":false},"is_safe_html":{"required":false,"defaultValue":false},"key":{"required":true},"tags":{"required":false},"editor":{"required":true},"data":{"required":true}},"indexes":{"_id_":{"_id":1}},"class_permissions":{"find":{"*":true},"count":{"*":true},"get":{"*":true},"create":{"*":true},"update":{"*":true},"delete":{"*":true},"addField":{"*":true},"protectedFields":{"*":[],"role:admins":[]}}},"is_html":"boolean","is_safe_html":"boolean","key":"string","tags":"string","editor":"*_User","data":"string"}
{"_id":"ImageElement","objectId":"string","updatedAt":"date","createdAt":"date","_metadata":{"fields_options":{"key":{"required":true},"tags":{"required":false},"data":{"required":false},"editor":{"required":true}},"indexes":{"_id_":{"_id":1}}},"key":"string","tags":"string","data":"relation<ImageData>","editor":"*_User"}
{"_id":"ImageData","objectId":"string","updatedAt":"date","createdAt":"date","_metadata":{"fields_options":{"width":{"required":false,"defaultValue":0},"height":{"required":false,"defaultValue":0},"url":{"required":false},"file":{"required":false}},"indexes":{"_id_":{"_id":1}}},"width":"number","height":"number","url":"string","file":"file"}
{"_id":"VideoData","objectId":"string","updatedAt":"date","createdAt":"date","_metadata":{"fields_options":{"width":{"required":false,"defaultValue":0},"height":{"required":false,"defaultValue":0},"url":{"required":false},"file":{"required":false}},"indexes":{"_id_":{"_id":1}}},"width":"number","height":"number","url":"string","file":"file"}
{"_id":"VideoElement","objectId":"string","updatedAt":"date","createdAt":"date","_metadata":{"fields_options":{"key":{"required":true},"tags":{"required":false},"editor":{"required":true},"data":{"required":false}},"indexes":{"_id_":{"_id":1}}},"key":"string","tags":"string","editor":"*_User","data":"relation<VideoData>"}
{"_id":"IframeElement","objectId":"string","updatedAt":"date","createdAt":"date","_metadata":{"fields_options":{"key":{"required":true},"tags":{"required":false},"editor":{"required":true},"url":{"required":true}}},"key":"string","tags":"string","editor":"*ImageElement","url":"string"}
{"_id":"_Session","objectId":"string","updatedAt":"date","createdAt":"date","restricted":"boolean","user":"*_User","installationId":"string","sessionToken":"string","expiresAt":"date","createdWith":"object","_metadata":{"indexes":{"_id_":{"_id":1}}}}
{"_id":"ListElement","objectId":"string","updatedAt":"date","createdAt":"date","_metadata":{"fields_options":{"key":{"required":true},"tags":{"required":false},"editor":{"required":true},"data":{"required":true}}},"key":"string","tags":"string","editor":"*_User","data":"array"}
{"_id":"ListItemElement","objectId":"string","updatedAt":"date","createdAt":"date","_metadata":{"fields_options":{"tags":{"required":false},"text_elements":{"required":false},"image_elements":{"required":false},"video_elements":{"required":false},"iframe_elements":{"required":false}}},"tags":"string","text_elements":"relation<TextElement>","image_elements":"relation<ImageElement>","video_elements":"relation<VideoElement>","iframe_elements":"relation<IframeElement>"}
