{"_id":"oK9BIF5Vrk","file":"716acae9ff1765ac63ee6e313ca3ee57_file.jpeg","width":0,"height":0,"_wperm":["role:admins"],"_rperm":["*"],"_acl":{"role:admins":{"w":true},"*":{"r":true}},"_created_at":{"$date":"2020-07-03T21:51:45.685Z"},"_updated_at":{"$date":"2020-07-03T21:51:45.685Z"}}
{"_id":"BzKxP6ehvN","file":"a6f5b6e178923d80d8f59d8984cabae1_file.jpeg","width":0,"height":0,"_wperm":["role:admins"],"_rperm":["*"],"_acl":{"role:admins":{"w":true},"*":{"r":true}},"_created_at":{"$date":"2020-07-03T21:52:17.248Z"},"_updated_at":{"$date":"2020-07-03T21:52:17.248Z"}}
{"_id":"suSMVmowm4","file":"f8b1a054dd1d03054ca3bd5813a8ff6e_file.jpeg","width":0,"height":0,"_wperm":["role:admins"],"_rperm":["*"],"_acl":{"role:admins":{"w":true},"*":{"r":true}},"_created_at":{"$date":"2020-07-03T21:59:40.758Z"},"_updated_at":{"$date":"2020-07-03T21:59:40.758Z"}}
{"_id":"MIzlBAsgTt","file":"abb7171c41cb2bee193187cc50beb3ab_file.jpeg","width":0,"height":0,"_wperm":["role:admins"],"_rperm":["*"],"_acl":{"role:admins":{"w":true},"*":{"r":true}},"_created_at":{"$date":"2020-07-03T23:03:19.918Z"},"_updated_at":{"$date":"2020-07-03T23:03:19.918Z"}}
{"_id":"r029TrJO4y","file":"aa1dfc4a68ce5ae5c09d918770f4369d_file.png","width":0,"height":0,"_wperm":["role:admins"],"_rperm":["*"],"_acl":{"role:admins":{"w":true},"*":{"r":true}},"_created_at":{"$date":"2020-07-03T23:24:25.956Z"},"_updated_at":{"$date":"2020-07-03T23:24:25.956Z"}}
{"_id":"kG4sO7Z3tZ","file":"b486d6a8f016d94fd2804c4cab89001a_file.png","width":0,"height":0,"_wperm":["role:admins"],"_rperm":["*"],"_acl":{"role:admins":{"w":true},"*":{"r":true}},"_created_at":{"$date":"2020-07-03T23:27:00.723Z"},"_updated_at":{"$date":"2020-07-03T23:27:00.723Z"}}
{"_id":"ctP6rOcLia","file":"f9ecaff3f7d2926bb6c76304505f9a28_file.png","width":0,"height":0,"_wperm":["role:admins"],"_rperm":["*"],"_acl":{"role:admins":{"w":true},"*":{"r":true}},"_created_at":{"$date":"2020-07-03T23:30:51.871Z"},"_updated_at":{"$date":"2020-07-03T23:30:51.871Z"}}
{"_id":"QXahHPDcIm","file":"ede139a769941094c019f1edb64035b6_file.png","width":0,"height":0,"_wperm":["role:admins"],"_rperm":["*"],"_acl":{"role:admins":{"w":true},"*":{"r":true}},"_created_at":{"$date":"2020-07-04T00:04:34.301Z"},"_updated_at":{"$date":"2020-07-04T00:04:34.301Z"}}
{"_id":"LGaP01EzJG","file":"16671e6945e1e579235c9b5a0a5cad1d_file.jpeg","width":0,"height":0,"_wperm":["role:admins"],"_rperm":["*"],"_acl":{"role:admins":{"w":true},"*":{"r":true}},"_created_at":{"$date":"2020-07-04T00:11:45.288Z"},"_updated_at":{"$date":"2020-07-04T00:11:45.288Z"}}
{"_id":"FfgVWfcdSX","file":"568ed4f698c22d2f739ac84790da674e_file.jpeg","width":0,"height":0,"_wperm":["role:admins"],"_rperm":["*"],"_acl":{"role:admins":{"w":true},"*":{"r":true}},"_created_at":{"$date":"2020-07-04T02:17:48.996Z"},"_updated_at":{"$date":"2020-07-04T02:17:48.996Z"}}
{"_id":"kkRJBZNk7x","file":"3e68faa103c268512d0ebb7a6ae2b9e7_file.png","width":0,"height":0,"_wperm":["role:admins"],"_rperm":["*"],"_acl":{"role:admins":{"w":true},"*":{"r":true}},"_created_at":{"$date":"2020-07-04T02:17:49.001Z"},"_updated_at":{"$date":"2020-07-04T02:17:49.001Z"}}
