{"_id":"BeYTTvvPg8","key":"site_info_wedding_photos_header_image","tags":"","_p_editor":"_User$pGWXV5pl7t","_wperm":["role:admins"],"_rperm":["*"],"_acl":{"role:admins":{"w":true},"*":{"r":true}},"_created_at":{"$date":"2020-07-03T21:59:40.89Z"},"_updated_at":{"$date":"2020-07-03T21:59:40.89Z"}}
{"_id":"RD0yfDdHc9","key":"site_info_wedding_stories_header_image","tags":"","_p_editor":"_User$pGWXV5pl7t","_wperm":["role:admins"],"_rperm":["*"],"_acl":{"role:admins":{"w":true},"*":{"r":true}},"_created_at":{"$date":"2020-07-03T23:03:20.014Z"},"_updated_at":{"$date":"2020-07-03T23:03:20.014Z"}}
{"_id":"Mc7A6EXPAn","key":"site_info_wedding_video_header_image","tags":"","_p_editor":"_User$pGWXV5pl7t","_wperm":["role:admins"],"_rperm":["*"],"_acl":{"role:admins":{"w":true},"*":{"r":true}},"_created_at":{"$date":"2020-07-03T23:24:26.062Z"},"_updated_at":{"$date":"2020-07-03T23:24:26.062Z"}}
{"_id":"oIxJbas5Bz","key":"site_info_music_video_header_image","tags":"","_p_editor":"_User$pGWXV5pl7t","_wperm":["role:admins"],"_rperm":["*"],"_acl":{"role:admins":{"w":true},"*":{"r":true}},"_created_at":{"$date":"2020-07-03T23:27:00.81Z"},"_updated_at":{"$date":"2020-07-03T23:27:00.81Z"}}
{"_id":"6RGIMjxmGO","key":"site_info_commercial_video_header_image","tags":"","_p_editor":"_User$pGWXV5pl7t","_wperm":["role:admins"],"_rperm":["*"],"_acl":{"role:admins":{"w":true},"*":{"r":true}},"_created_at":{"$date":"2020-07-03T23:30:51.939Z"},"_updated_at":{"$date":"2020-07-03T23:30:51.939Z"}}
{"_id":"YwmIN2SEvO","key":"site_info_movies_top_left_image","tags":"","_p_editor":"_User$pGWXV5pl7t","_wperm":["role:admins"],"_rperm":["*"],"_acl":{"role:admins":{"w":true},"*":{"r":true}},"_created_at":{"$date":"2020-07-04T00:04:34.375Z"},"_updated_at":{"$date":"2020-07-04T00:04:34.375Z"}}
{"_id":"urSPB6sMud","key":"site_info_movies_top_left_background_image","tags":"","_p_editor":"_User$pGWXV5pl7t","_wperm":["role:admins"],"_rperm":["*"],"_acl":{"role:admins":{"w":true},"*":{"r":true}},"_created_at":{"$date":"2020-07-04T00:11:45.373Z"},"_updated_at":{"$date":"2020-07-04T00:11:45.373Z"}}
{"_id":"aBoGvULw0e","key":"site_info_contact_page_image_beside_map","tags":"","_p_editor":"_User$pGWXV5pl7t","_wperm":["role:admins"],"_rperm":["*"],"_acl":{"role:admins":{"w":true},"*":{"r":true}},"_created_at":{"$date":"2020-07-04T02:17:49.098Z"},"_updated_at":{"$date":"2020-07-04T02:17:49.098Z"}}
{"_id":"Au3JRW6QEa","key":"site_info_contact_page_main_photo","tags":"","_p_editor":"_User$pGWXV5pl7t","_wperm":["role:admins"],"_rperm":["*"],"_acl":{"role:admins":{"w":true},"*":{"r":true}},"_created_at":{"$date":"2020-07-04T02:17:49.181Z"},"_updated_at":{"$date":"2020-07-04T02:17:49.181Z"}}
