{"_id":"WeqtKUICSj","key":"home","tags":"","title":"Image Studio: Destination Wedding Photographer for Luxury Weddings","_created_at":{"$date":"2020-06-22T21:34:30.559Z"},"_updated_at":{"$date":"2020-06-28T14:25:08.016Z"},"description":"Official website of Image Studio, Exclusive Award Winning Destination Wedding Photographer. Specializing in luxury weddings in Italy, Europe, and Worldwide.","_p_editor":"_User$pGWXV5pl7t"}
{"_id":"WyH7hgfglt","_p_editor":"_User$pGWXV5pl7t","key":"wedding_photos","title":"Wedding photos","local_key":"","position_as_an_item":0,"_wperm":["*"],"_rperm":["*"],"_acl":{"*":{"w":true,"r":true}},"_created_at":{"$date":"2020-07-03T21:11:17.217Z"},"_updated_at":{"$date":"2020-07-04T01:34:40.211Z"},"description":"Official website of Image Studio, Exclusive Award Winning Destination Wedding Photographer. Specializing in luxury weddings in Italy, Europe, and Worldwide."}
{"_id":"AFOcmlTHeq","_p_editor":"_User$pGWXV5pl7t","title":"Wedding Stories","description":"Wedding Stories","key":"wedding_stories","local_key":"","position_as_an_item":0,"_created_at":{"$date":"2020-07-03T22:10:00.252Z"},"_updated_at":{"$date":"2020-07-04T01:34:20.524Z"},"_acl":{"*":{"w":true,"r":true}},"_rperm":["*"],"_wperm":["*"]}
{"_id":"m6irbmt1N4","_p_editor":"_User$pGWXV5pl7t","title":"Videos","key":"videos","local_key":"","position_as_an_item":0,"_created_at":{"$date":"2020-07-03T23:14:20.798Z"},"_updated_at":{"$date":"2020-07-04T01:32:25.57Z"},"description":"Videos"}
{"_id":"AhzyKR6MWE","title":"Movie Production","description":"Movie Production","key":"movies","_p_editor":"_User$pGWXV5pl7t","local_key":"","position_as_an_item":0,"_created_at":{"$date":"2020-07-03T23:40:52.898Z"},"_updated_at":{"$date":"2020-07-04T01:30:22.998Z"}}
{"_id":"19osypvH04","_p_editor":"_User$pGWXV5pl7t","title":"Packages","description":"Packages","key":"shop","local_key":"","position_as_an_item":0,"_created_at":{"$date":"2020-07-04T00:17:12.028Z"},"_updated_at":{"$date":"2020-07-04T01:26:39.193Z"}}
{"_id":"SKvjkYnCYP","_p_editor":"_User$pGWXV5pl7t","title":"Blog","key":"blog","description":"Blog","local_key":"","position_as_an_item":0,"_created_at":{"$date":"2020-07-04T00:37:47.233Z"},"_updated_at":{"$date":"2020-07-04T01:07:39.557Z"}}
{"_id":"0dBB7mG88v","_p_editor":"_User$pGWXV5pl7t","title":"About Us","description":"About Us","key":"about_us","local_key":"","position_as_an_item":0,"_created_at":{"$date":"2020-07-04T01:10:21.148Z"},"_updated_at":{"$date":"2020-07-04T01:31:02.271Z"}}
{"_id":"95zuILkgXA","_p_editor":"_User$pGWXV5pl7t","title":"Contact Us","description":"Contact Us","key":"contact_us","local_key":"","position_as_an_item":0,"_created_at":{"$date":"2020-07-04T01:46:10.821Z"},"_updated_at":{"$date":"2020-07-04T02:17:49.307Z"}}
