{"_id":"PDhTzvVZJj","_p_editor":"_User$pGWXV5pl7t","tags":"","key":"site_info_second_title","is_html":false,"is_safe_html":false,"_created_at":{"$date":"2020-06-22T23:22:09.505Z"},"_updated_at":{"$date":"2020-06-28T14:01:15.994Z"},"_acl":{"role:admins":{"w":true,"r":true},"*":{"r":true}},"_rperm":["*","role:admins"],"_wperm":["role:admins"],"data":"Art of being a wedding photographer"}
{"_id":"xLBnjcFpRn","tags":"","key":"site_info_second_description","_p_editor":"_User$pGWXV5pl7t","is_html":false,"is_safe_html":false,"_created_at":{"$date":"2020-06-22T23:24:15.487Z"},"_updated_at":{"$date":"2020-06-28T14:01:15.994Z"},"_acl":{"role:admins":{"w":true,"r":true},"*":{"r":true}},"_rperm":["role:admins","*"],"_wperm":["role:admins"],"data":"Still Miracle London Photography Studio is famous throughout the UK and far beyond its borders for its unique approach which blends together creativity, romance, natural storytelling and reportage style."}
{"_id":"Xqzr8v5WVv","key":"site_info_header_bar_title","_p_editor":"_User$pGWXV5pl7t","is_html":false,"is_safe_html":false,"_wperm":["role:admins"],"_rperm":["*"],"_acl":{"role:admins":{"w":true},"*":{"r":true}},"_created_at":{"$date":"2020-06-25T22:05:21.721Z"},"_updated_at":{"$date":"2020-06-28T14:01:15.883Z"},"data":"Wedding Photographer and Videographer"}
{"_id":"BWdqDivsNZ","key":"site_info_phone_number","_p_editor":"_User$pGWXV5pl7t","is_html":false,"is_safe_html":false,"_wperm":["role:admins"],"_rperm":["*"],"_acl":{"role:admins":{"w":true},"*":{"r":true}},"_created_at":{"$date":"2020-06-25T22:15:37.506Z"},"_updated_at":{"$date":"2020-06-28T14:01:15.904Z"},"data":"+39(323)826-7650"}
{"_id":"ISqoOQ9n06","key":"site_info_email","_p_editor":"_User$pGWXV5pl7t","is_html":false,"is_safe_html":false,"_wperm":["role:admins"],"_rperm":["*"],"_acl":{"role:admins":{"w":true},"*":{"r":true}},"_created_at":{"$date":"2020-06-25T22:15:37.539Z"},"_updated_at":{"$date":"2020-07-03T23:05:04.676Z"},"data":"info@imagestudio.com"}
{"_id":"DFGJ7uZiN8","key":"site_info_get_in_touch_title","data":"Let's get in touch","tags":"","_p_editor":"_User$pGWXV5pl7t","is_html":false,"is_safe_html":false,"_wperm":["role:admins"],"_rperm":["*"],"_acl":{"role:admins":{"w":true},"*":{"r":true}},"_created_at":{"$date":"2020-06-25T23:41:49.718Z"},"_updated_at":{"$date":"2020-06-28T14:01:16.056Z"}}
{"_id":"snd8tEJEau","key":"site_info_get_in_touch_sub_title","data":"Communication is key","tags":"","_p_editor":"_User$pGWXV5pl7t","is_html":false,"is_safe_html":false,"_wperm":["role:admins"],"_rperm":["*"],"_acl":{"role:admins":{"w":true},"*":{"r":true}},"_created_at":{"$date":"2020-06-25T23:41:49.721Z"},"_updated_at":{"$date":"2020-06-28T14:01:16.127Z"}}
{"_id":"OwiuKqF719","key":"site_info_first_footer_text","data":"Copyright ImageStudio 2020. All rights reserved.\n","tags":"","_p_editor":"_User$pGWXV5pl7t","is_html":false,"is_safe_html":false,"_wperm":["role:admins"],"_rperm":["*"],"_acl":{"role:admins":{"w":true},"*":{"r":true}},"_created_at":{"$date":"2020-06-25T23:51:04.434Z"},"_updated_at":{"$date":"2020-06-28T14:01:16.127Z"}}
{"_id":"C8ULLJvWip","key":"site_info_second_footer_text","data":"Wedding photography and videography in Toronto. ","tags":"","_p_editor":"_User$pGWXV5pl7t","is_html":false,"is_safe_html":false,"_wperm":["role:admins"],"_rperm":["*"],"_acl":{"role:admins":{"w":true},"*":{"r":true}},"_created_at":{"$date":"2020-06-25T23:51:04.439Z"},"_updated_at":{"$date":"2020-06-28T14:01:16.287Z"}}
{"_id":"9scpKSNsuc","key":"site_info_instagram_header_text","data":"My Instagram","tags":"","_p_editor":"_User$pGWXV5pl7t","is_html":false,"is_safe_html":false,"_wperm":["role:admins"],"_rperm":["*"],"_acl":{"role:admins":{"w":true},"*":{"r":true}},"_created_at":{"$date":"2020-06-26T15:13:02.121Z"},"_updated_at":{"$date":"2020-06-28T14:01:15.994Z"}}
{"_id":"jaSwK388Ja","key":"site_info_header_video_title","data":"Image Studio","tags":"","_p_editor":"_User$pGWXV5pl7t","is_html":false,"is_safe_html":false,"_wperm":["role:admins"],"_rperm":["*"],"_acl":{"role:admins":{"w":true},"*":{"r":true}},"_created_at":{"$date":"2020-06-26T22:14:16.399Z"},"_updated_at":{"$date":"2020-06-28T19:57:28.277Z"}}
{"_id":"oyxtPiBVW4","key":"site_info_header_video_description","data":"Your No 1 Photography & Videgraphy Solution","tags":"","_p_editor":"_User$pGWXV5pl7t","is_html":false,"is_safe_html":false,"_wperm":["role:admins"],"_rperm":["*"],"_acl":{"role:admins":{"w":true},"*":{"r":true}},"_created_at":{"$date":"2020-06-26T22:14:16.41Z"},"_updated_at":{"$date":"2020-06-29T15:18:57.928Z"}}
{"_id":"CWT2JCbMhD","key":"site_info_instagram_username","data":"jlo","tags":"","_p_editor":"_User$pGWXV5pl7t","is_html":false,"is_safe_html":false,"_wperm":["role:admins"],"_rperm":["*"],"_acl":{"role:admins":{"w":true},"*":{"r":true}},"_created_at":{"$date":"2020-06-28T14:25:07.931Z"},"_updated_at":{"$date":"2020-07-04T02:18:26.632Z"}}
{"_id":"KE61yeqvJs","key":"site_info_text_above_footer_contact_button","data":"Choosing your wedding photography and videography crew shouldn’t be taken lightly. We understand how important this step is to you and we are here to answer any questions you might have.","tags":"","_p_editor":"_User$pGWXV5pl7t","is_html":false,"is_safe_html":false,"_wperm":["role:admins"],"_rperm":["*"],"_acl":{"role:admins":{"w":true},"*":{"r":true}},"_created_at":{"$date":"2020-07-03T21:38:19.11Z"},"_updated_at":{"$date":"2020-07-03T21:38:19.11Z"}}
{"_id":"M3YYBmR3oM","key":"site_info_about_us_header_text","data":"Art of being a wedding photographer","tags":"","_p_editor":"_User$pGWXV5pl7t","is_html":false,"is_safe_html":false,"_wperm":["role:admins"],"_rperm":["*"],"_acl":{"role:admins":{"w":true},"*":{"r":true}},"_created_at":{"$date":"2020-07-03T23:44:21.567Z"},"_updated_at":{"$date":"2020-07-03T23:44:21.567Z"}}
{"_id":"eMQ1OY8opb","key":"site_info_about_us_body_text","data":"Tara Weddings was founded by a happily married couple, who started their career in fine arts and photography and decided to dedicate their lives to what they love most. Their passion towards beautiful images, life-long memories and people’s happiness was the key. Years of practice and experience brought them towards the establishment of their own company – Tara Weddings. Tara means “Star” in Sanskrit. It represents their goal – to make every couple feel special on their Wedding Day. High quality services, top notch equipment, enthusiasm and a world of ideas secured them a spot among Toronto’s best wedding photography and videography companies.","tags":"","_p_editor":"_User$pGWXV5pl7t","is_html":false,"is_safe_html":false,"_wperm":["role:admins"],"_rperm":["*"],"_acl":{"role:admins":{"w":true},"*":{"r":true}},"_created_at":{"$date":"2020-07-03T23:44:21.572Z"},"_updated_at":{"$date":"2020-07-03T23:44:21.572Z"}}
{"_id":"5jUwVDvDEh","key":"site_info_section_1_title","data":"Premier Pro","tags":"","_p_editor":"_User$pGWXV5pl7t","is_html":false,"is_safe_html":false,"_wperm":["role:admins"],"_rperm":["*"],"_acl":{"role:admins":{"w":true},"*":{"r":true}},"_created_at":{"$date":"2020-07-04T00:30:40.679Z"},"_updated_at":{"$date":"2020-07-04T00:30:40.679Z"}}
{"_id":"JovDKEmPiO","key":"site_info_section_2_title","data":"Online workshop for you","tags":"","_p_editor":"_User$pGWXV5pl7t","is_html":false,"is_safe_html":false,"_wperm":["role:admins"],"_rperm":["*"],"_acl":{"role:admins":{"w":true},"*":{"r":true}},"_created_at":{"$date":"2020-07-04T00:30:40.687Z"},"_updated_at":{"$date":"2020-07-04T00:30:40.687Z"}}
{"_id":"qIwilbbnCH","key":"site_info_blog_side_bar_title","data":"Our Blog","tags":"","_p_editor":"_User$pGWXV5pl7t","is_html":false,"is_safe_html":false,"_wperm":["role:admins"],"_rperm":["*"],"_acl":{"role:admins":{"w":true},"*":{"r":true}},"_created_at":{"$date":"2020-07-04T00:42:17.853Z"},"_updated_at":{"$date":"2020-07-04T00:42:17.853Z"}}
{"_id":"5A5iYH3Hdq","key":"site_info_blog_side_bar_body","data":"We are passionate about the industry we take part in, and we know well enough, how foreign it looks to our clients. Wedding photography and videography is way more complex than just pressing a button, and we would like to introduce you to all the little details that usually stay behind the stage. \n\nIn this blog you will also find some useful tips on how to contribute to the process from your end, which surely will elevate the pictures beyond all your expectations. Aspiring photographers can also find an abundance of information here. \n\nWelcome!","tags":"","_p_editor":"_User$pGWXV5pl7t","is_html":false,"is_safe_html":false,"_wperm":["role:admins"],"_rperm":["*"],"_acl":{"role:admins":{"w":true},"*":{"r":true}},"_created_at":{"$date":"2020-07-04T00:42:17.859Z"},"_updated_at":{"$date":"2020-07-04T00:42:17.859Z"}}
{"_id":"L0dOHE39FD","key":"site_info_footer_contact_button_text","data":"Contact","tags":"","_p_editor":"_User$pGWXV5pl7t","is_html":false,"is_safe_html":false,"_wperm":["role:admins"],"_rperm":["*"],"_acl":{"role:admins":{"w":true},"*":{"r":true}},"_created_at":{"$date":"2020-07-04T01:07:39.515Z"},"_updated_at":{"$date":"2020-07-04T01:08:08.546Z"}}
{"_id":"iRuwSJjFla","key":"site_info_site_name_spaced","data":"Image Studio","tags":"","_p_editor":"_User$pGWXV5pl7t","is_html":false,"is_safe_html":false,"_wperm":["role:admins"],"_rperm":["*"],"_acl":{"role:admins":{"w":true},"*":{"r":true}},"_created_at":{"$date":"2020-07-04T01:22:33.12Z"},"_updated_at":{"$date":"2020-07-04T01:22:33.12Z"}}
{"_id":"ltf5p4sbmm","key":"site_info_about_page_call_to_action","data":"Let's talk","tags":"","_p_editor":"_User$pGWXV5pl7t","is_html":false,"is_safe_html":false,"_wperm":["role:admins"],"_rperm":["*"],"_acl":{"role:admins":{"w":true},"*":{"r":true}},"_created_at":{"$date":"2020-07-04T01:22:33.122Z"},"_updated_at":{"$date":"2020-07-04T01:22:33.122Z"}}
{"_id":"MIuvJeLzuK","key":"site_info_about_page_about_us_summary","data":"Weddings from the heart","tags":"","_p_editor":"_User$pGWXV5pl7t","is_html":false,"is_safe_html":false,"_wperm":["role:admins"],"_rperm":["*"],"_acl":{"role:admins":{"w":true},"*":{"r":true}},"_created_at":{"$date":"2020-07-04T01:22:33.132Z"},"_updated_at":{"$date":"2020-07-04T01:22:33.132Z"}}
{"_id":"y9G33cdHk5","key":"site_info_about_page_about_us_header_text","data":"A little bit about us","tags":"","_p_editor":"_User$pGWXV5pl7t","is_html":false,"is_safe_html":false,"_wperm":["role:admins"],"_rperm":["*"],"_acl":{"role:admins":{"w":true},"*":{"r":true}},"_created_at":{"$date":"2020-07-04T01:22:33.137Z"},"_updated_at":{"$date":"2020-07-04T01:22:33.137Z"}}
{"_id":"O6HVH1wZKV","key":"site_info_contact_page_header_1","data":"Get in touch","tags":"","_p_editor":"_User$pGWXV5pl7t","is_html":false,"is_safe_html":false,"_wperm":["role:admins"],"_rperm":["*"],"_acl":{"role:admins":{"w":true},"*":{"r":true}},"_created_at":{"$date":"2020-07-04T02:10:13.99Z"},"_updated_at":{"$date":"2020-07-04T02:10:13.99Z"}}
{"_id":"bV2h06pkDJ","key":"site_info_contact_page_body_1","data":"Based in London, available worldwide.\n\nemail: info@imagestudio.com\ntel. +39(323)826-7650","tags":"","_p_editor":"_User$pGWXV5pl7t","is_html":false,"is_safe_html":false,"_wperm":["role:admins"],"_rperm":["*"],"_acl":{"role:admins":{"w":true},"*":{"r":true}},"_created_at":{"$date":"2020-07-04T02:12:22.853Z"},"_updated_at":{"$date":"2020-07-04T02:12:22.853Z"}}
