{"_id":"TDuCRuIHGq","file":"465c4f934f7af4e1a782ac4b819f5d30_file.mp4","width":0,"height":0,"_wperm":["role:admins"],"_rperm":["*"],"_acl":{"role:admins":{"w":true},"*":{"r":true}},"_created_at":{"$date":"2020-06-28T16:45:44.843Z"},"_updated_at":{"$date":"2020-06-28T16:45:44.843Z"}}
{"_id":"HOVYm7Hps1","file":"7f1ca184e0e854ccc328ca1f3dfe86b3_file.mp4","width":0,"height":0,"_wperm":["role:admins"],"_rperm":["*"],"_acl":{"role:admins":{"w":true},"*":{"r":true}},"_created_at":{"$date":"2020-06-28T16:46:37.913Z"},"_updated_at":{"$date":"2020-06-28T16:46:37.913Z"}}
{"_id":"n8gKDWhWgy","file":"df23e6c2dc59aeb90c9f6cc5631e1f96_file.mp4","width":0,"height":0,"_wperm":["role:admins"],"_rperm":["*"],"_acl":{"role:admins":{"w":true},"*":{"r":true}},"_created_at":{"$date":"2020-06-28T16:47:08.785Z"},"_updated_at":{"$date":"2020-06-28T16:47:08.785Z"}}
{"_id":"gTbGScvkYO","file":"5672fb8a6d404beccd738a4c868057cd_file.mp4","width":0,"height":0,"_wperm":["role:admins"],"_rperm":["*"],"_acl":{"role:admins":{"w":true},"*":{"r":true}},"_created_at":{"$date":"2020-06-28T16:47:26.684Z"},"_updated_at":{"$date":"2020-06-28T16:47:26.684Z"}}
{"_id":"knTrZqSnGG","file":"cca8b1e1dff6cd8ab4993f1edc312c5e_file.mp4","width":0,"height":0,"_wperm":["role:admins"],"_rperm":["*"],"_acl":{"role:admins":{"w":true},"*":{"r":true}},"_created_at":{"$date":"2020-06-28T18:14:08.995Z"},"_updated_at":{"$date":"2020-06-28T18:14:08.995Z"}}
{"_id":"IfNAqanBpT","file":"b9a8a7863475c26683d9567322f86310_file.mp4","width":0,"height":0,"_wperm":["role:admins"],"_rperm":["*"],"_acl":{"role:admins":{"w":true},"*":{"r":true}},"_created_at":{"$date":"2020-06-28T18:16:26.095Z"},"_updated_at":{"$date":"2020-06-28T18:16:26.095Z"}}
{"_id":"JyXitsZLrK","file":"6c5c89a662f8b1fd02ab9e5a69dae8e6_file.mp4","width":0,"height":0,"_wperm":["role:admins"],"_rperm":["*"],"_acl":{"role:admins":{"w":true},"*":{"r":true}},"_created_at":{"$date":"2020-06-28T19:51:37.81Z"},"_updated_at":{"$date":"2020-06-28T19:51:37.81Z"}}
{"_id":"5eoCoZuEok","file":"006f021add979ed65f76227443762da9_file.mp4","width":0,"height":0,"_wperm":["role:admins"],"_rperm":["*"],"_acl":{"role:admins":{"w":true},"*":{"r":true}},"_created_at":{"$date":"2020-06-28T19:51:56.115Z"},"_updated_at":{"$date":"2020-06-28T19:51:56.115Z"}}
{"_id":"QVjpJ5EMGA","file":"0e48a5706a119c45156f01e7334f78f9_file.mp4","width":0,"height":0,"_wperm":["role:admins"],"_rperm":["*"],"_acl":{"role:admins":{"w":true},"*":{"r":true}},"_created_at":{"$date":"2020-06-28T19:52:08.194Z"},"_updated_at":{"$date":"2020-06-28T19:52:08.194Z"}}
{"_id":"YkqrzqyuDt","file":"71ebdad1f8b89fffca0312727e536cf1_file.mp4","width":0,"height":0,"_wperm":["role:admins"],"_rperm":["*"],"_acl":{"role:admins":{"w":true},"*":{"r":true}},"_created_at":{"$date":"2020-06-28T19:52:26.725Z"},"_updated_at":{"$date":"2020-06-28T19:52:26.725Z"}}
{"_id":"lodKerzgQT","file":"71ebdad1f8b89fffca0312727e536cf1_file.mp4","width":0,"height":0,"_wperm":["role:admins"],"_rperm":["*"],"_acl":{"role:admins":{"w":true},"*":{"r":true}},"_created_at":{"$date":"2020-06-28T19:57:28.312Z"},"_updated_at":{"$date":"2020-06-28T19:57:28.312Z"}}
